Handle,URL Type,Canonical URL,Current Status
koolaire-300lb-1-2-dice-air-cooled-ice-machine,product,https://organicsodapops.com/products/koolaire-300lb-1-2-dice-air-cooled-ice-machine,active
lovely-bunch-sparkling-apple-juice,product,https://organicsodapops.com/products/lovely-bunch-sparkling-apple-juice,active
freight-fee-100-1000,product,https://organicsodapops.com/products/freight-fee-100-1000,active
kombucha-queen,product,https://organicsodapops.com/products/kombucha-queen,active
sapa-sodas,product,https://organicsodapops.com/products/sapa-sodas,draft
moonglade-craft-organic-soda,product,https://organicsodapops.com/products/moonglade-craft-organic-soda,active
mathe-organics,product,https://organicsodapops.com/products/mathe-organics,active
the-lucky-ox-sparkler-drinks,product,https://organicsodapops.com/products/the-lucky-ox-sparkler-drinks,active
uncle-waithleys-ginger-beer,product,https://organicsodapops.com/products/uncle-waithleys-ginger-beer,active
bionina-organic-sparkling-drinks,product,https://organicsodapops.com/products/bionina-organic-sparkling-drinks,active
lancer-touch-screen-tower,product,https://organicsodapops.com/products/lancer-touch-screen-tower,active
razzle-organic-mild-kombucha,product,https://organicsodapops.com/products/razzle-organic-mild-kombucha,active
uma,product,https://organicsodapops.com/products/uma,active
uma-organic-cola,product,https://organicsodapops.com/products/uma-organic-cola,active
zia-ginger-ale,product,https://organicsodapops.com/products/zia-ginger-ale,active
zia-pinon-cola,product,https://organicsodapops.com/products/zia-pinon-cola,active
zia-vida-beverages,product,https://organicsodapops.com/products/zia-vida-beverages,active
zia-root-beer,product,https://organicsodapops.com/products/zia-root-beer,active
fbd-77x-frozen-beverage-dispenser-series,product,https://organicsodapops.com/products/fbd-77x-frozen-beverage-dispenser-series,active
lancer-ced-800-fountain-drink-dispenser,product,https://organicsodapops.com/products/lancer-ced-800-fountain-drink-dispenser,active
lancer-ced-2500-8vl,product,https://organicsodapops.com/products/lancer-ced-2500-8vl,active
lancer-ibd-4500-22-ice-beverage-dispenser,product,https://organicsodapops.com/products/lancer-ibd-4500-22-ice-beverage-dispenser,active
indi-co-organic-ginger-beer,product,https://organicsodapops.com/products/indi-co-organic-ginger-beer,active
organic-mole-cola,product,https://organicsodapops.com/products/organic-mole-cola,active
buchi-organic-kombucha,product,https://organicsodapops.com/products/buchi-organic-kombucha,active
indi-co-organic-ginger-ale,product,https://organicsodapops.com/products/indi-co-organic-ginger-ale,active
indi-co-organic-kola-soda,product,https://organicsodapops.com/products/indi-co-organic-kola-soda,active
organic-cola-charisma,product,https://organicsodapops.com/products/organic-cola-charisma,active
paris-organic-cola,product,https://organicsodapops.com/products/paris-organic-cola,draft
levico-bio-organic-cola,product,https://organicsodapops.com/products/levico-bio-organic-cola,active
why-not-certified-organic-cola,product,https://organicsodapops.com/products/why-not-certified-organic-cola,active
yokohama-all-natural-craft-cola,product,https://organicsodapops.com/products/yokohama-all-natural-craft-cola,active
vigo-organic-kombucha,product,https://organicsodapops.com/products/vigo-organic-kombucha,active
naturfrisk-organic-ginger-beer,product,https://organicsodapops.com/products/naturfrisk-organic-ginger-beer,active
buho-organic-cola,product,https://organicsodapops.com/products/buho-organic-cola,active
savoure-hand-crafted-organic-soda,product,https://organicsodapops.com/products/savoure-hand-crafted-organic-soda,active
kulturd-kombucha,product,https://organicsodapops.com/products/kulturd-kombucha,active
fatdane-organic-cola,product,https://organicsodapops.com/products/fatdane-organic-cola,active
seek-north-organic-kombucha,product,https://organicsodapops.com/products/seek-north-organic-kombucha,active
organic-kombeauty-kombucha,product,https://organicsodapops.com/products/organic-kombeauty-kombucha,active
mother-organic-kombucha,product,https://organicsodapops.com/products/mother-organic-kombucha,active
laurentian-brew-organic-kombucha,product,https://organicsodapops.com/products/laurentian-brew-organic-kombucha,active
221-b-c-organic-kombucha,product,https://organicsodapops.com/products/221-b-c-organic-kombucha,active
blighty-booch-organic-kombucha,product,https://organicsodapops.com/products/blighty-booch-organic-kombucha,active
farm-boy-organic-kombucha,product,https://organicsodapops.com/products/farm-boy-organic-kombucha,active
tonica-organic-kombucha,product,https://organicsodapops.com/products/tonica-organic-kombucha,active
true-buch-organic-kombucha,product,https://organicsodapops.com/products/true-buch-organic-kombucha,active
herbs-of-life-organic-kombucha,product,https://organicsodapops.com/products/herbs-of-life-organic-kombucha,active
kombucha-me,product,https://organicsodapops.com/products/kombucha-me,active
wild-bay-organic-kombucha,product,https://organicsodapops.com/products/wild-bay-organic-kombucha,active
fous-de-lile-organic-kombucha,product,https://organicsodapops.com/products/fous-de-lile-organic-kombucha,active
cultcha-organic-kombucha,product,https://organicsodapops.com/products/cultcha-organic-kombucha,active
momo-organic-kombucha,product,https://organicsodapops.com/products/momo-organic-kombucha,active
saba-organic-kombucha,product,https://organicsodapops.com/products/saba-organic-kombucha,active
mighty-brew-organic-kombucha,product,https://organicsodapops.com/products/mighty-brew-organic-kombucha,active
babas-brew-organic-kombucha,product,https://organicsodapops.com/products/babas-brew-organic-kombucha,active
so-kombucha,product,https://organicsodapops.com/products/so-kombucha,active
koko-kombucha,product,https://organicsodapops.com/products/koko-kombucha,active
gusto-organic-real-cherry-cola,product,https://organicsodapops.com/products/gusto-organic-real-cherry-cola,active
atika-organic-kombucha,product,https://organicsodapops.com/products/atika-organic-kombucha,active
aqua-monaco-organic-ginger-ale,product,https://organicsodapops.com/products/aqua-monaco-organic-ginger-ale,active
kommunity-brew-organic-kombucha,product,https://organicsodapops.com/products/kommunity-brew-organic-kombucha,active
bruja-sana-organic-kombucha,product,https://organicsodapops.com/products/bruja-sana-organic-kombucha,active
equinox-organic-kombucha,product,https://organicsodapops.com/products/equinox-organic-kombucha,active
zingi-bear,product,https://organicsodapops.com/products/zingi-bear,active
bioplose-organic-cola,product,https://organicsodapops.com/products/bioplose-organic-cola,active
mona-craft-organic-cola,product,https://organicsodapops.com/products/mona-craft-organic-cola,active
cortese-organic-cola,product,https://organicsodapops.com/products/cortese-organic-cola,active
organic-yerba-mateo-soda,product,https://organicsodapops.com/products/organic-yerba-mateo-soda,active
the-good-guys-organic-kombucha,product,https://organicsodapops.com/products/the-good-guys-organic-kombucha,active
karma-kombucha,product,https://organicsodapops.com/products/karma-kombucha,active
karma-organic-ginger-beer,product,https://organicsodapops.com/products/karma-organic-ginger-beer,active
biona-organic-kombucha,product,https://organicsodapops.com/products/biona-organic-kombucha,active
tea-biotics-organic-kombucha,product,https://organicsodapops.com/products/tea-biotics-organic-kombucha,draft
purely-hand-crafted-organic-drinks,product,https://organicsodapops.com/products/purely-hand-crafted-organic-drinks,draft
kimino-sparkling-organic-fruit-drinks,product,https://organicsodapops.com/products/kimino-sparkling-organic-fruit-drinks,active
greenhouse-organic-ginger-beer,product,https://organicsodapops.com/products/greenhouse-organic-ginger-beer,active
moonbrew-organic-jun,product,https://organicsodapops.com/products/moonbrew-organic-jun,active
woodlands-organic-kombucha,product,https://organicsodapops.com/products/woodlands-organic-kombucha,active
sidekick-soda,product,https://organicsodapops.com/products/sidekick-soda,active
marin-kombucha,product,https://organicsodapops.com/products/marin-kombucha,active
bimster-organic-kombucha,product,https://organicsodapops.com/products/bimster-organic-kombucha,active
big-marble-organics,product,https://organicsodapops.com/products/big-marble-organics,active
vitamont-fair-trade-organic-cola,product,https://organicsodapops.com/products/vitamont-fair-trade-organic-cola,active
shams-premium-organic-cola,product,https://organicsodapops.com/products/shams-premium-organic-cola,active
three-cents-100-natural-artisanal-beverages,product,https://organicsodapops.com/products/three-cents-100-natural-artisanal-beverages,active
three-cents-all-natural-ginger-beer,product,https://organicsodapops.com/products/three-cents-all-natural-ginger-beer,active
idc-pro-fountain-soda-dispenser,product,https://organicsodapops.com/products/idc-pro-fountain-soda-dispenser,active
flavorfusion-16-mfv-valves-fountain-soda-dispenser,product,https://organicsodapops.com/products/flavorfusion-16-mfv-valves-fountain-soda-dispenser,active
hana-organic-craft-sodas,product,https://organicsodapops.com/products/hana-organic-craft-sodas,active
soda-raiz-organic-ginger-ale,product,https://organicsodapops.com/products/soda-raiz-organic-ginger-ale,active
copra-organic-sparkling-coconut-nectar,product,https://organicsodapops.com/products/copra-organic-sparkling-coconut-nectar,active
heal-thy-soda,product,https://organicsodapops.com/products/heal-thy-soda,active
joes-organic-syrup,product,https://organicsodapops.com/products/joes-organic-syrup,draft
its-alive-kombucha,product,https://organicsodapops.com/products/its-alive-kombucha,active
asarasi-organic-sparkling-tree-water,product,https://organicsodapops.com/products/asarasi-organic-sparkling-tree-water,active
cortese-premium-organic-soft-drink,product,https://organicsodapops.com/products/cortese-premium-organic-soft-drink,active
tractor-organic-ingredients,product,https://organicsodapops.com/products/tractor-organic-ingredients,active
the-organic-drink-co-organic-ginger-beer,product,https://organicsodapops.com/products/the-organic-drink-co-organic-ginger-beer,active
artonic-organic-soda-mixers,product,https://organicsodapops.com/products/artonic-organic-soda-mixers,active
mona-organic-craft-soda-1,product,https://organicsodapops.com/products/mona-organic-craft-soda-1,active
huney-jun-organic-kombucha,product,https://organicsodapops.com/products/huney-jun-organic-kombucha,active
polara-bio-sicilia-organic-cola,product,https://organicsodapops.com/products/polara-bio-sicilia-organic-cola,active
casamara-club-al-natural-soft-drinks,product,https://organicsodapops.com/products/casamara-club-al-natural-soft-drinks,active
docs-organic-ginger-beer,product,https://organicsodapops.com/products/docs-organic-ginger-beer,active
torst-organic-kola,product,https://organicsodapops.com/products/torst-organic-kola,active
vivi-organic-sodas,product,https://organicsodapops.com/products/vivi-organic-sodas,active
twinpour-with-extended-splash-plate,product,https://organicsodapops.com/products/twinpour-with-extended-splash-plate,active
gili-organic-ginger-soda,product,https://organicsodapops.com/products/gili-organic-ginger-soda,active
moshi-natural-sparkling-drinks,product,https://organicsodapops.com/products/moshi-natural-sparkling-drinks,active
vivi-organic-kola,product,https://organicsodapops.com/products/vivi-organic-kola,active
oun-organic-soft-drinks,product,https://organicsodapops.com/products/oun-organic-soft-drinks,active
icd-2300-6vl-hp-beverage-dispenser,product,https://organicsodapops.com/products/icd-2300-6vl-hp-beverage-dispenser,active
fresh-fizz-all-natural-soda,product,https://organicsodapops.com/products/fresh-fizz-all-natural-soda,draft
icd-2300-6vl-23-2323-sp-beverage-dispenser,product,https://organicsodapops.com/products/icd-2300-6vl-23-2323-sp-beverage-dispenser,active
icd-2200-15-1523-standard-performance-beverage-dispenser,product,https://organicsodapops.com/products/icd-2200-15-1523-standard-performance-beverage-dispenser,active
torst-organic-soda,product,https://organicsodapops.com/products/torst-organic-soda,active
sole-rosso-organic-cola-1,product,https://organicsodapops.com/products/sole-rosso-organic-cola-1,draft
theonista-light-cola,product,https://organicsodapops.com/products/theonista-light-cola,active
icd-2300-10vl-high-performance-soft-drink-dispenser,product,https://organicsodapops.com/products/icd-2300-10vl-high-performance-soft-drink-dispenser,active
ibd-30-8vl-nugget,product,https://organicsodapops.com/products/ibd-30-8vl-nugget,active
ibd-30-10vl-cube-self-serve-dispenser,product,https://organicsodapops.com/products/ibd-30-10vl-cube-self-serve-dispenser,active
ibd-44-12levss-self-serve-drink-dispenser,product,https://organicsodapops.com/products/ibd-44-12levss-self-serve-drink-dispenser,active
bioplose-organic-soft-drinks-frizzante,product,https://organicsodapops.com/products/bioplose-organic-soft-drinks-frizzante,active
touchscreen-tower-6-brands-plus-4-bonus,product,https://organicsodapops.com/products/touchscreen-tower-6-brands-plus-4-bonus,draft
touchscreen-tower-6-brands,product,https://organicsodapops.com/products/touchscreen-tower-6-brands,draft
lancer-custom-designed-commercial-beverage-dispenser,product,https://organicsodapops.com/products/lancer-custom-designed-commercial-beverage-dispenser,active
cascara-organic-cola,product,https://organicsodapops.com/products/cascara-organic-cola,active
ccd-9000-cold-carbonated-soft-drink-dispenser,product,https://organicsodapops.com/products/ccd-9000-cold-carbonated-soft-drink-dispenser,active
ced-500-electric-counter-dispenser,product,https://organicsodapops.com/products/ced-500-electric-counter-dispenser,active
lancer-sensation-44-black-fountain-soda-machine,product,https://organicsodapops.com/products/lancer-sensation-44-black-fountain-soda-machine,active
sensation-30-ice-soft-drink-dispenser,product,https://organicsodapops.com/products/sensation-30-ice-soft-drink-dispenser,active
lancer-ced-8000-cold-carbonated-beverage-dispenser,product,https://organicsodapops.com/products/lancer-ced-8000-cold-carbonated-beverage-dispenser,active
ibd-25-soft-drink-dispenser,product,https://organicsodapops.com/products/ibd-25-soft-drink-dispenser,active
flavor-select-44-ice-cube-cubelet-beverage-dispenser,product,https://organicsodapops.com/products/flavor-select-44-ice-cube-cubelet-beverage-dispenser,active
famous-soda-co-all-natural-cola,product,https://organicsodapops.com/products/famous-soda-co-all-natural-cola,active
flavor-select-22-beverage-dispenser,product,https://organicsodapops.com/products/flavor-select-22-beverage-dispenser,active
sole-rosso-organic-cola,product,https://organicsodapops.com/products/sole-rosso-organic-cola,active
lancer-ced-1500-high-performance-soda-fountain-machine,product,https://organicsodapops.com/products/lancer-ced-1500-high-performance-soda-fountain-machine,active
twinpour-with-lcd-screen,product,https://organicsodapops.com/products/twinpour-with-lcd-screen,active
lancer-sensation-44-soda-fountain-machine,product,https://organicsodapops.com/products/lancer-sensation-44-soda-fountain-machine,active
the-nordic-soda-co-1,product,https://organicsodapops.com/products/the-nordic-soda-co-1,active
wewi-organic-cola,product,https://organicsodapops.com/products/wewi-organic-cola,active
lancer-ced-400-cold-carbonated-beverage-dispenser,product,https://organicsodapops.com/products/lancer-ced-400-cold-carbonated-beverage-dispenser,active
kinda-soda,product,https://organicsodapops.com/products/kinda-soda,active
tomarchio-organic-cola,product,https://organicsodapops.com/products/tomarchio-organic-cola,active
reeds-culture-club-kombucha,product,https://organicsodapops.com/products/reeds-culture-club-kombucha,active
jerico-organic-soda,product,https://organicsodapops.com/products/jerico-organic-soda,active
simple-soda-co,product,https://organicsodapops.com/products/simple-soda-co,active
good-wolf-probiotic-tonic-water-kefir,product,https://organicsodapops.com/products/good-wolf-probiotic-tonic-water-kefir,active
ps-organic-soda,product,https://organicsodapops.com/products/ps-organic-soda,draft
sole-rosso-organic-soft-drinks,product,https://organicsodapops.com/products/sole-rosso-organic-soft-drinks,active
urban-kombucha,product,https://organicsodapops.com/products/urban-kombucha,active
fs60-fountain-soda-machine,product,https://organicsodapops.com/products/fs60-fountain-soda-machine,active
ibd-bold-30i-soda-fountain-machine,product,https://organicsodapops.com/products/ibd-bold-30i-soda-fountain-machine,active
lo-bros-kombucha,product,https://organicsodapops.com/products/lo-bros-kombucha,active
leamo-cola,product,https://organicsodapops.com/products/leamo-cola,active
nordic-ccu0220-ice-machine,product,https://organicsodapops.com/products/nordic-ccu0220-ice-machine,active
viper-elite-slushie-machine,product,https://organicsodapops.com/products/viper-elite-slushie-machine,draft
alkaline-water-vending-machine,product,https://organicsodapops.com/products/alkaline-water-vending-machine,active
happy-hippie-drinks,product,https://organicsodapops.com/products/happy-hippie-drinks,active
indi-company-organic-soft-drinks,product,https://organicsodapops.com/products/indi-company-organic-soft-drinks,active
top-note,product,https://organicsodapops.com/products/top-note,active
remedy-drinks,product,https://organicsodapops.com/products/remedy-drinks,active
dickie-s-ginger-beer,product,https://organicsodapops.com/products/dickie-s-ginger-beer,active
the-organic-drink-co-traditional-cola,product,https://organicsodapops.com/products/the-organic-drink-co-traditional-cola,active
the-beekeepers-daughter-craft-honey-soda,product,https://organicsodapops.com/products/the-beekeepers-daughter-craft-honey-soda,active
betty-buzz-all-natural-sparkling-drinks,product,https://organicsodapops.com/products/betty-buzz-all-natural-sparkling-drinks,active
crafted-organic-sparking-drinking-vinegars,product,https://organicsodapops.com/products/crafted-organic-sparking-drinking-vinegars,active
why-not-organic-soda,product,https://organicsodapops.com/products/why-not-organic-soda,active
velvet-soda,product,https://organicsodapops.com/products/velvet-soda,draft
tractor-organic-fountain-soda,product,https://organicsodapops.com/products/tractor-organic-fountain-soda,active
the-organic-drink-co,product,https://organicsodapops.com/products/the-organic-drink-co,active
moss-beach-kombucha-1,product,https://organicsodapops.com/products/moss-beach-kombucha-1,active
calyx-drinks,product,https://organicsodapops.com/products/calyx-drinks,active
somersault-slow-brewed-organic-sodas,product,https://organicsodapops.com/products/somersault-slow-brewed-organic-sodas,active
aqua-monaco-organic-soda-pops,product,https://organicsodapops.com/products/aqua-monaco-organic-soda-pops,active
twinpour-ice-beverage-fountain-soda-machine,product,https://organicsodapops.com/products/twinpour-ice-beverage-fountain-soda-machine,active
flavor-select-30-soda-fountain-machine,product,https://organicsodapops.com/products/flavor-select-30-soda-fountain-machine,active
touchscreen-tower-drink-dispenser,product,https://organicsodapops.com/products/touchscreen-tower-drink-dispenser,draft
copy-of-bec-cola-1,product,https://organicsodapops.com/products/copy-of-bec-cola-1,active
copy-of-bec-cola,product,https://organicsodapops.com/products/copy-of-bec-cola,active
osp-pro-fountain-soda-machine,product,https://organicsodapops.com/products/osp-pro-fountain-soda-machine,active
osp-215-pro-fountain-soda-machine,product,https://organicsodapops.com/products/osp-215-pro-fountain-soda-machine,active
osp-flavor-overload-fountain-soda-machine-with-16-mfv-valves,product,https://organicsodapops.com/products/osp-flavor-overload-fountain-soda-machine-with-16-mfv-valves,active
the-peoples-crafthouse,product,https://organicsodapops.com/products/the-peoples-crafthouse,active
naturbrus-all-natural-craft-soda-1,product,https://organicsodapops.com/products/naturbrus-all-natural-craft-soda-1,active
rocky-mountain-al-natural-soda,product,https://organicsodapops.com/products/rocky-mountain-al-natural-soda,active
galvanina-tea,product,https://organicsodapops.com/products/galvanina-tea,active
east-coast-craft-soda-co,product,https://organicsodapops.com/products/east-coast-craft-soda-co,active
simple-organic-cola,product,https://organicsodapops.com/products/simple-organic-cola,active
simple-organic-sodas,product,https://organicsodapops.com/products/simple-organic-sodas,active
doctor-ds-sparkling-probiotic,product,https://organicsodapops.com/products/doctor-ds-sparkling-probiotic,active
som-soda,product,https://organicsodapops.com/products/som-soda,active
capi-all-natural-cola,product,https://organicsodapops.com/products/capi-all-natural-cola,active
more-good,product,https://organicsodapops.com/products/more-good,active
pearl-soda-company,product,https://organicsodapops.com/products/pearl-soda-company,active
soda-press-co-organic-soda-syrup,product,https://organicsodapops.com/products/soda-press-co-organic-soda-syrup,active
portland-soda-works,product,https://organicsodapops.com/products/portland-soda-works,active
organic-soda-syrup,product,https://organicsodapops.com/products/organic-soda-syrup,active
the-shrub-soda-company-all-natural-soda,product,https://organicsodapops.com/products/the-shrub-soda-company-all-natural-soda,active
nexba-sugar-free-natural-cola,product,https://organicsodapops.com/products/nexba-sugar-free-natural-cola,active
westwood-organics-probiotic-organic-soda,product,https://organicsodapops.com/products/westwood-organics-probiotic-organic-soda,active
gusto-organic-energy-drink-natural-cola,product,https://organicsodapops.com/products/gusto-organic-energy-drink-natural-cola,active
gusto-award-winning-real-organic-cola-natural-cola,product,https://organicsodapops.com/products/gusto-award-winning-real-organic-cola-natural-cola,active
gusto-all-natural-cola-naturally-slim-fair-trade,product,https://organicsodapops.com/products/gusto-all-natural-cola-naturally-slim-fair-trade,active
butcher-town-natural-cream-soda-natural-cream-soda,product,https://organicsodapops.com/products/butcher-town-natural-cream-soda-natural-cream-soda,active
natural-brew-vanilla-cream-soda-natural-cream-soda,product,https://organicsodapops.com/products/natural-brew-vanilla-cream-soda-natural-cream-soda,active
maine-root-fair-trade-craft-fountain-soda,product,https://organicsodapops.com/products/maine-root-fair-trade-craft-fountain-soda,active
oogave-100-organic-fountain-soda,product,https://organicsodapops.com/products/oogave-100-organic-fountain-soda,active
rocky-mountain-soda-natural-organic-fountain-soda,product,https://organicsodapops.com/products/rocky-mountain-soda-natural-organic-fountain-soda,active
sparkling-bitters-sparkling-water,product,https://organicsodapops.com/products/sparkling-bitters-sparkling-water,active
found-beverage-co-sparkling-water,product,https://organicsodapops.com/products/found-beverage-co-sparkling-water,active
spruce-soda-company-sparkling-water,product,https://organicsodapops.com/products/spruce-soda-company-sparkling-water,active
ziwi-organic,product,https://organicsodapops.com/products/ziwi-organic,active
wewi-organic-soda,product,https://organicsodapops.com/products/wewi-organic-soda,active
sea-pop-natural-soda,product,https://organicsodapops.com/products/sea-pop-natural-soda,active
piraqua-drinks-natural-craft-soda,product,https://organicsodapops.com/products/piraqua-drinks-natural-craft-soda,active
seabold-organic-ginger-beer,product,https://organicsodapops.com/products/seabold-organic-ginger-beer,active
harmony-springs-natural-soda,product,https://organicsodapops.com/products/harmony-springs-natural-soda,active
fatdane-organic-soda,product,https://organicsodapops.com/products/fatdane-organic-soda,active
kombucha-dog-organic-raw-probiotic,product,https://organicsodapops.com/products/kombucha-dog-organic-raw-probiotic,active
love-kombucha-drink-healthy-feel-healthy,product,https://organicsodapops.com/products/love-kombucha-drink-healthy-feel-healthy,active
sprecher-cherry-cola-natural-cola,product,https://organicsodapops.com/products/sprecher-cherry-cola-natural-cola,active
puma-kola-natural-cola,product,https://organicsodapops.com/products/puma-kola-natural-cola,active
craft-soda-100-organic-soda,product,https://organicsodapops.com/products/craft-soda-100-organic-soda,active
petes-natural-soft-drinks,product,https://organicsodapops.com/products/petes-natural-soft-drinks,active
carbonista-all-natural-sparkling-drink,product,https://organicsodapops.com/products/carbonista-all-natural-sparkling-drink,active
tree-fort-all-natural-soda,product,https://organicsodapops.com/products/tree-fort-all-natural-soda,active
naturfrisk-organic-soft-drinks,product,https://organicsodapops.com/products/naturfrisk-organic-soft-drinks,active
q-kola,product,https://organicsodapops.com/products/q-kola,active
temple-twist-organic-shirley-temple,product,https://organicsodapops.com/products/temple-twist-organic-shirley-temple,active
aroha-sparkling-natural-soft-drinks,product,https://organicsodapops.com/products/aroha-sparkling-natural-soft-drinks,active
china-cola-natural-cola,product,https://organicsodapops.com/products/china-cola-natural-cola,active
citizen-pop,product,https://organicsodapops.com/products/citizen-pop,active
bette-janes-natural-ginger-beer,product,https://organicsodapops.com/products/bette-janes-natural-ginger-beer,active
wort-organic-soft-drinks,product,https://organicsodapops.com/products/wort-organic-soft-drinks,active
square-root-organic-cola,product,https://organicsodapops.com/products/square-root-organic-cola,active
val-de-france-sparkling-organic-beverage,product,https://organicsodapops.com/products/val-de-france-sparkling-organic-beverage,active
lorina-premium-french-natural-soda,product,https://organicsodapops.com/products/lorina-premium-french-natural-soda,active
found-natural-sparkling-beverage,product,https://organicsodapops.com/products/found-natural-sparkling-beverage,active
apple-beer,product,https://organicsodapops.com/products/apple-beer,active
kitsch-all-natural-craft-soda,product,https://organicsodapops.com/products/kitsch-all-natural-craft-soda,active
drinkwell-softers,product,https://organicsodapops.com/products/drinkwell-softers,active
cadia-organic-soda,product,https://organicsodapops.com/products/cadia-organic-soda,active
membership,product,https://organicsodapops.com/products/membership,active
biozisch-sparkling-soft-drinks,product,https://organicsodapops.com/products/biozisch-sparkling-soft-drinks,active
miss-lady-small-batch-root-beer,product,https://organicsodapops.com/products/miss-lady-small-batch-root-beer,active
luscombe-drinks,product,https://organicsodapops.com/products/luscombe-drinks,active
buho-organic-soda,product,https://organicsodapops.com/products/buho-organic-soda,active
sansu-premium-sparkling-yuzu-fruit-drinks,product,https://organicsodapops.com/products/sansu-premium-sparkling-yuzu-fruit-drinks,active
rochester-artisan-made-soft-drinks,product,https://organicsodapops.com/products/rochester-artisan-made-soft-drinks,active
appletiser-sparkling-beverage,product,https://organicsodapops.com/products/appletiser-sparkling-beverage,active
the-dalston-cola-company,product,https://organicsodapops.com/products/the-dalston-cola-company,active
square-roots-soda-works,product,https://organicsodapops.com/products/square-roots-soda-works,active
hartridges-natural-ginger-beer,product,https://organicsodapops.com/products/hartridges-natural-ginger-beer,active
royal-penguin-natural-soft-drink,product,https://organicsodapops.com/products/royal-penguin-natural-soft-drink,active
chinotto-the-connoisseurs-drink,product,https://organicsodapops.com/products/chinotto-the-connoisseurs-drink,active
bundaburg-brewed-drinks,product,https://organicsodapops.com/products/bundaburg-brewed-drinks,active
naturfrisk-organic-cola,product,https://organicsodapops.com/products/naturfrisk-organic-cola,active
synerchi-kombucha,product,https://organicsodapops.com/products/synerchi-kombucha,active
bruce-cost-ginger-ale-unfiltered,product,https://organicsodapops.com/products/bruce-cost-ginger-ale-unfiltered,active
fever-tree-premium-sparkling-beverages,product,https://organicsodapops.com/products/fever-tree-premium-sparkling-beverages,active
thor-natural-sparkling-beverages,product,https://organicsodapops.com/products/thor-natural-sparkling-beverages,active
fentimans-ginger-beer,product,https://organicsodapops.com/products/fentimans-ginger-beer,active
fentimans-botanically-brewed-beverages,product,https://organicsodapops.com/products/fentimans-botanically-brewed-beverages,active
ascania-100-natural-soft-drinks,product,https://organicsodapops.com/products/ascania-100-natural-soft-drinks,active
the-kefiry-probiotic-soda,product,https://organicsodapops.com/products/the-kefiry-probiotic-soda,active
john-crabbie-co-the-ginger-master,product,https://organicsodapops.com/products/john-crabbie-co-the-ginger-master,active
cannonborough-sodas,product,https://organicsodapops.com/products/cannonborough-sodas,active
bottlegreen-all-natural-soft-drinks-organic-soda-pops,product,https://organicsodapops.com/products/bottlegreen-all-natural-soft-drinks-organic-soda-pops,active
healthy-thirst-drinks,product,https://organicsodapops.com/products/healthy-thirst-drinks,active
zeo-all-natural-soft-drink,product,https://organicsodapops.com/products/zeo-all-natural-soft-drink,active
fayrouz-all-natural-soft-drink,product,https://organicsodapops.com/products/fayrouz-all-natural-soft-drink,active
pollocks-keifer-pop,product,https://organicsodapops.com/products/pollocks-keifer-pop,active
yoga-soda-the-conscious-soda,product,https://organicsodapops.com/products/yoga-soda-the-conscious-soda,active
pure-sodaworks-cafe-cola,product,https://organicsodapops.com/products/pure-sodaworks-cafe-cola,active
a,product,https://organicsodapops.com/products/a,active
belvoir-ginger-beer,product,https://organicsodapops.com/products/belvoir-ginger-beer,active
wisco-pop-natural-root-beer,product,https://organicsodapops.com/products/wisco-pop-natural-root-beer,active
pona-organic-sparkling-beverages,product,https://organicsodapops.com/products/pona-organic-sparkling-beverages,active
pangea-organic-soft-drink,product,https://organicsodapops.com/products/pangea-organic-soft-drink,active
pure-soda-works,product,https://organicsodapops.com/products/pure-soda-works,active
yaute-cola-bio-cola,product,https://organicsodapops.com/products/yaute-cola-bio-cola,active
gus-grown-up-soda,product,https://organicsodapops.com/products/gus-grown-up-soda,active
oogave-cola-mexicana,product,https://organicsodapops.com/products/oogave-cola-mexicana,active
wyndridge-farm-natural-cream-soda,product,https://organicsodapops.com/products/wyndridge-farm-natural-cream-soda,active
ithaca-soda-co-natural-ginger-beer,product,https://organicsodapops.com/products/ithaca-soda-co-natural-ginger-beer,active
ithaca-soda-company-all-natural-root-beer,product,https://organicsodapops.com/products/ithaca-soda-company-all-natural-root-beer,active
macs-ginger-beer,product,https://organicsodapops.com/products/macs-ginger-beer,active
galvanina-organic-century-bio-cola,product,https://organicsodapops.com/products/galvanina-organic-century-bio-cola,active
galvanina-organic-soda,product,https://organicsodapops.com/products/galvanina-organic-soda,active
holypop-organic-soda,product,https://organicsodapops.com/products/holypop-organic-soda,active
cola-baladin-natural-cola,product,https://organicsodapops.com/products/cola-baladin-natural-cola,active
phoenix-ginger-beer,product,https://organicsodapops.com/products/phoenix-ginger-beer,active
hopwater-natural-craft-soda,product,https://organicsodapops.com/products/hopwater-natural-craft-soda,active
oogave-organic-root-beer,product,https://organicsodapops.com/products/oogave-organic-root-beer,active
obi-organic-root-beer,product,https://organicsodapops.com/products/obi-organic-root-beer,active
bec-organic-soft-drinks,product,https://organicsodapops.com/products/bec-organic-soft-drinks,active
strangelove-smoked-cola,product,https://organicsodapops.com/products/strangelove-smoked-cola,active
culture-cola-live-organic-raw-soda-kombucha,product,https://organicsodapops.com/products/culture-cola-live-organic-raw-soda-kombucha,active
now-black-cola,product,https://organicsodapops.com/products/now-black-cola,active
fentimans-curiosity-cola,product,https://organicsodapops.com/products/fentimans-curiosity-cola,active
levico-organic,product,https://organicsodapops.com/products/levico-organic,active
onli-elevating-taste,product,https://organicsodapops.com/products/onli-elevating-taste,active
ashridge-organic,product,https://organicsodapops.com/products/ashridge-organic,active
all-good,product,https://organicsodapops.com/products/all-good,active
koji,product,https://organicsodapops.com/products/koji,active
capi-fruit-sodas,product,https://organicsodapops.com/products/capi-fruit-sodas,active
lovely-handmade-drinks,product,https://organicsodapops.com/products/lovely-handmade-drinks,active
roots-soda-co,product,https://organicsodapops.com/products/roots-soda-co,active
the-tapping-tapir,product,https://organicsodapops.com/products/the-tapping-tapir,active
ginger-beer,product,https://organicsodapops.com/products/ginger-beer,active
hopped-cola,product,https://organicsodapops.com/products/hopped-cola,active
emma-toms-look-after-yourself-5,product,https://organicsodapops.com/products/emma-toms-look-after-yourself-5,active
emma-toms-look-after-yourself-4,product,https://organicsodapops.com/products/emma-toms-look-after-yourself-4,active
emma-toms-look-after-yourself-3,product,https://organicsodapops.com/products/emma-toms-look-after-yourself-3,active
emma-toms-look-after-yourself-2,product,https://organicsodapops.com/products/emma-toms-look-after-yourself-2,active
emma-toms-look-after-yourself-1,product,https://organicsodapops.com/products/emma-toms-look-after-yourself-1,active
emma-toms-look-after-yourself,product,https://organicsodapops.com/products/emma-toms-look-after-yourself,active
karma-cola,product,https://organicsodapops.com/products/karma-cola,active
virgil-s-cream-soda,product,https://organicsodapops.com/products/virgil-s-cream-soda,active
hooker-mountain-farm-maple-orange-cream-soda,product,https://organicsodapops.com/products/hooker-mountain-farm-maple-orange-cream-soda,active
grey-ghost-orange-cream-soda,product,https://organicsodapops.com/products/grey-ghost-orange-cream-soda,active
rachels-ginger-beer,product,https://organicsodapops.com/products/rachels-ginger-beer,active
the-ginger-people-ginger-beer,product,https://organicsodapops.com/products/the-ginger-people-ginger-beer,active
parkers-organic-ginger-beer,product,https://organicsodapops.com/products/parkers-organic-ginger-beer,active
fever-tree-premium-ginger-beer,product,https://organicsodapops.com/products/fever-tree-premium-ginger-beer,active
dry-sparkling-soda,product,https://organicsodapops.com/products/dry-sparkling-soda,active
six-barrel-soda-co,product,https://organicsodapops.com/products/six-barrel-soda-co,active
bibbs-all-natural-soda,product,https://organicsodapops.com/products/bibbs-all-natural-soda,active
parkers-organic-cola,product,https://organicsodapops.com/products/parkers-organic-cola,active
wild-one-sparkling-organic-cola,product,https://organicsodapops.com/products/wild-one-sparkling-organic-cola,active
wild-one-premium-sparkling-organics,product,https://organicsodapops.com/products/wild-one-premium-sparkling-organics,active
daylesford-and-hepburn-organic-drinks,product,https://organicsodapops.com/products/daylesford-and-hepburn-organic-drinks,active
sip-natural-craft-soda,product,https://organicsodapops.com/products/sip-natural-craft-soda,active
bootleggers-handcrafted-sodas,product,https://organicsodapops.com/products/bootleggers-handcrafted-sodas,active
just-craft-soda,product,https://organicsodapops.com/products/just-craft-soda,active
spruce-soda-company,product,https://organicsodapops.com/products/spruce-soda-company,active
tree-fort-root-beer,product,https://organicsodapops.com/products/tree-fort-root-beer,active
revive-root-beer,product,https://organicsodapops.com/products/revive-root-beer,active
dominion-root-beer,product,https://organicsodapops.com/products/dominion-root-beer,active
firemans-brew-root-beer,product,https://organicsodapops.com/products/firemans-brew-root-beer,active
uncle-scotts-all-natural-root-beer-1,product,https://organicsodapops.com/products/uncle-scotts-all-natural-root-beer-1,active
maine-root-root-beer,product,https://organicsodapops.com/products/maine-root-root-beer,active
matts-natural-root-beer,product,https://organicsodapops.com/products/matts-natural-root-beer,active
rocky-mountain-root-beer,product,https://organicsodapops.com/products/rocky-mountain-root-beer,active
appalachian-craft-brewed-root-beer,product,https://organicsodapops.com/products/appalachian-craft-brewed-root-beer,active
sprecher-old-fashioned-root-beer,product,https://organicsodapops.com/products/sprecher-old-fashioned-root-beer,active
tommyknocker-all-natural-craft-root-beer,product,https://organicsodapops.com/products/tommyknocker-all-natural-craft-root-beer,active
wisco-pop-organic-soda,product,https://organicsodapops.com/products/wisco-pop-organic-soda,active
maine-root-handcrafted-beverages,product,https://organicsodapops.com/products/maine-root-handcrafted-beverages,active
sipp-eco-beverage-company,product,https://organicsodapops.com/products/sipp-eco-beverage-company,active
obi-probiotic-organic-soda,product,https://organicsodapops.com/products/obi-probiotic-organic-soda,active
phoenix-organic-soda-pop,product,https://organicsodapops.com/products/phoenix-organic-soda-pop,active
live-kombucha-organic-soda,product,https://organicsodapops.com/products/live-kombucha-organic-soda,active
oogave-organic-agave-soda,product,https://organicsodapops.com/products/oogave-organic-agave-soda,active
bionade-100-certified-organic-health-drink,product,https://organicsodapops.com/products/bionade-100-certified-organic-health-drink,active
sky-valley-organic-soda,product,https://organicsodapops.com/products/sky-valley-organic-soda,active
phoenix-organic-cola,product,https://organicsodapops.com/products/phoenix-organic-cola,active
natures-pure,product,https://organicsodapops.com/products/natures-pure,active
daylesford-and-hepburn-mineral-springs,product,https://organicsodapops.com/products/daylesford-and-hepburn-mineral-springs,active
silk-road-soda-organic-soda,product,https://organicsodapops.com/products/silk-road-soda-organic-soda,active
green-bee-soda,product,https://organicsodapops.com/products/green-bee-soda,active
