Current URL,Future URL,Will Change?,Redirect Needed?,Priority
https://organicsodapops.com/products/koolaire-300lb-1-2-dice-air-cooled-ice-machine,https://organicsodapops.com/products/koolaire-300lb-1-2-dice-air-cooled-ice-machine,No,No,N/A
https://organicsodapops.com/products/lovely-bunch-sparkling-apple-juice,https://organicsodapops.com/products/lovely-bunch-sparkling-apple-juice,No,No,N/A
https://organicsodapops.com/products/freight-fee-100-1000,https://organicsodapops.com/products/freight-fee-100-1000,No,No,N/A
https://organicsodapops.com/products/kombucha-queen,https://organicsodapops.com/products/kombucha-queen,No,No,N/A
https://organicsodapops.com/products/sapa-sodas,https://organicsodapops.com/products/sapa-sodas,No,No,N/A
https://organicsodapops.com/products/moonglade-craft-organic-soda,https://organicsodapops.com/products/moonglade-craft-organic-soda,No,No,N/A
https://organicsodapops.com/products/mathe-organics,https://organicsodapops.com/products/mathe-organics,No,No,N/A
https://organicsodapops.com/products/the-lucky-ox-sparkler-drinks,https://organicsodapops.com/products/the-lucky-ox-sparkler-drinks,No,No,N/A
https://organicsodapops.com/products/uncle-waithleys-ginger-beer,https://organicsodapops.com/products/uncle-waithleys-ginger-beer,No,No,N/A
https://organicsodapops.com/products/bionina-organic-sparkling-drinks,https://organicsodapops.com/products/bionina-organic-sparkling-drinks,No,No,N/A
https://organicsodapops.com/products/lancer-touch-screen-tower,https://organicsodapops.com/products/lancer-touch-screen-tower,No,No,N/A
https://organicsodapops.com/products/razzle-organic-mild-kombucha,https://organicsodapops.com/products/razzle-organic-mild-kombucha,No,No,N/A
https://organicsodapops.com/products/uma,https://organicsodapops.com/products/uma,No,No,N/A
https://organicsodapops.com/products/uma-organic-cola,https://organicsodapops.com/products/uma-organic-cola,No,No,N/A
https://organicsodapops.com/products/zia-ginger-ale,https://organicsodapops.com/products/zia-ginger-ale,No,No,N/A
https://organicsodapops.com/products/zia-pinon-cola,https://organicsodapops.com/products/zia-pinon-cola,No,No,N/A
https://organicsodapops.com/products/zia-vida-beverages,https://organicsodapops.com/products/zia-vida-beverages,No,No,N/A
https://organicsodapops.com/products/zia-root-beer,https://organicsodapops.com/products/zia-root-beer,No,No,N/A
https://organicsodapops.com/products/fbd-77x-frozen-beverage-dispenser-series,https://organicsodapops.com/products/fbd-77x-frozen-beverage-dispenser-series,No,No,N/A
https://organicsodapops.com/products/lancer-ced-800-fountain-drink-dispenser,https://organicsodapops.com/products/lancer-ced-800-fountain-drink-dispenser,No,No,N/A
https://organicsodapops.com/products/lancer-ced-2500-8vl,https://organicsodapops.com/products/lancer-ced-2500-8vl,No,No,N/A
https://organicsodapops.com/products/lancer-ibd-4500-22-ice-beverage-dispenser,https://organicsodapops.com/products/lancer-ibd-4500-22-ice-beverage-dispenser,No,No,N/A
https://organicsodapops.com/products/indi-co-organic-ginger-beer,https://organicsodapops.com/products/indi-co-organic-ginger-beer,No,No,N/A
https://organicsodapops.com/products/organic-mole-cola,https://organicsodapops.com/products/organic-mole-cola,No,No,N/A
https://organicsodapops.com/products/buchi-organic-kombucha,https://organicsodapops.com/products/buchi-organic-kombucha,No,No,N/A
https://organicsodapops.com/products/indi-co-organic-ginger-ale,https://organicsodapops.com/products/indi-co-organic-ginger-ale,No,No,N/A
https://organicsodapops.com/products/indi-co-organic-kola-soda,https://organicsodapops.com/products/indi-co-organic-kola-soda,No,No,N/A
https://organicsodapops.com/products/organic-cola-charisma,https://organicsodapops.com/products/organic-cola-charisma,No,No,N/A
https://organicsodapops.com/products/paris-organic-cola,https://organicsodapops.com/products/paris-organic-cola,No,No,N/A
https://organicsodapops.com/products/levico-bio-organic-cola,https://organicsodapops.com/products/levico-bio-organic-cola,No,No,N/A
https://organicsodapops.com/products/why-not-certified-organic-cola,https://organicsodapops.com/products/why-not-certified-organic-cola,No,No,N/A
https://organicsodapops.com/products/yokohama-all-natural-craft-cola,https://organicsodapops.com/products/yokohama-all-natural-craft-cola,No,No,N/A
https://organicsodapops.com/products/vigo-organic-kombucha,https://organicsodapops.com/products/vigo-organic-kombucha,No,No,N/A
https://organicsodapops.com/products/naturfrisk-organic-ginger-beer,https://organicsodapops.com/products/naturfrisk-organic-ginger-beer,No,No,N/A
https://organicsodapops.com/products/buho-organic-cola,https://organicsodapops.com/products/buho-organic-cola,No,No,N/A
https://organicsodapops.com/products/savoure-hand-crafted-organic-soda,https://organicsodapops.com/products/savoure-hand-crafted-organic-soda,No,No,N/A
https://organicsodapops.com/products/kulturd-kombucha,https://organicsodapops.com/products/kulturd-kombucha,No,No,N/A
https://organicsodapops.com/products/fatdane-organic-cola,https://organicsodapops.com/products/fatdane-organic-cola,No,No,N/A
https://organicsodapops.com/products/seek-north-organic-kombucha,https://organicsodapops.com/products/seek-north-organic-kombucha,No,No,N/A
https://organicsodapops.com/products/organic-kombeauty-kombucha,https://organicsodapops.com/products/organic-kombeauty-kombucha,No,No,N/A
https://organicsodapops.com/products/mother-organic-kombucha,https://organicsodapops.com/products/mother-organic-kombucha,No,No,N/A
https://organicsodapops.com/products/laurentian-brew-organic-kombucha,https://organicsodapops.com/products/laurentian-brew-organic-kombucha,No,No,N/A
https://organicsodapops.com/products/221-b-c-organic-kombucha,https://organicsodapops.com/products/221-b-c-organic-kombucha,No,No,N/A
https://organicsodapops.com/products/blighty-booch-organic-kombucha,https://organicsodapops.com/products/blighty-booch-organic-kombucha,No,No,N/A
https://organicsodapops.com/products/farm-boy-organic-kombucha,https://organicsodapops.com/products/farm-boy-organic-kombucha,No,No,N/A
https://organicsodapops.com/products/tonica-organic-kombucha,https://organicsodapops.com/products/tonica-organic-kombucha,No,No,N/A
https://organicsodapops.com/products/true-buch-organic-kombucha,https://organicsodapops.com/products/true-buch-organic-kombucha,No,No,N/A
https://organicsodapops.com/products/herbs-of-life-organic-kombucha,https://organicsodapops.com/products/herbs-of-life-organic-kombucha,No,No,N/A
https://organicsodapops.com/products/kombucha-me,https://organicsodapops.com/products/kombucha-me,No,No,N/A
https://organicsodapops.com/products/wild-bay-organic-kombucha,https://organicsodapops.com/products/wild-bay-organic-kombucha,No,No,N/A
https://organicsodapops.com/products/fous-de-lile-organic-kombucha,https://organicsodapops.com/products/fous-de-lile-organic-kombucha,No,No,N/A
https://organicsodapops.com/products/cultcha-organic-kombucha,https://organicsodapops.com/products/cultcha-organic-kombucha,No,No,N/A
https://organicsodapops.com/products/momo-organic-kombucha,https://organicsodapops.com/products/momo-organic-kombucha,No,No,N/A
https://organicsodapops.com/products/saba-organic-kombucha,https://organicsodapops.com/products/saba-organic-kombucha,No,No,N/A
https://organicsodapops.com/products/mighty-brew-organic-kombucha,https://organicsodapops.com/products/mighty-brew-organic-kombucha,No,No,N/A
https://organicsodapops.com/products/babas-brew-organic-kombucha,https://organicsodapops.com/products/babas-brew-organic-kombucha,No,No,N/A
https://organicsodapops.com/products/so-kombucha,https://organicsodapops.com/products/so-kombucha,No,No,N/A
https://organicsodapops.com/products/koko-kombucha,https://organicsodapops.com/products/koko-kombucha,No,No,N/A
https://organicsodapops.com/products/gusto-organic-real-cherry-cola,https://organicsodapops.com/products/gusto-organic-real-cherry-cola,No,No,N/A
https://organicsodapops.com/products/atika-organic-kombucha,https://organicsodapops.com/products/atika-organic-kombucha,No,No,N/A
https://organicsodapops.com/products/aqua-monaco-organic-ginger-ale,https://organicsodapops.com/products/aqua-monaco-organic-ginger-ale,No,No,N/A
https://organicsodapops.com/products/kommunity-brew-organic-kombucha,https://organicsodapops.com/products/kommunity-brew-organic-kombucha,No,No,N/A
https://organicsodapops.com/products/bruja-sana-organic-kombucha,https://organicsodapops.com/products/bruja-sana-organic-kombucha,No,No,N/A
https://organicsodapops.com/products/equinox-organic-kombucha,https://organicsodapops.com/products/equinox-organic-kombucha,No,No,N/A
https://organicsodapops.com/products/zingi-bear,https://organicsodapops.com/products/zingi-bear,No,No,N/A
https://organicsodapops.com/products/bioplose-organic-cola,https://organicsodapops.com/products/bioplose-organic-cola,No,No,N/A
https://organicsodapops.com/products/mona-craft-organic-cola,https://organicsodapops.com/products/mona-craft-organic-cola,No,No,N/A
https://organicsodapops.com/products/cortese-organic-cola,https://organicsodapops.com/products/cortese-organic-cola,No,No,N/A
https://organicsodapops.com/products/organic-yerba-mateo-soda,https://organicsodapops.com/products/organic-yerba-mateo-soda,No,No,N/A
https://organicsodapops.com/products/the-good-guys-organic-kombucha,https://organicsodapops.com/products/the-good-guys-organic-kombucha,No,No,N/A
https://organicsodapops.com/products/karma-kombucha,https://organicsodapops.com/products/karma-kombucha,No,No,N/A
https://organicsodapops.com/products/karma-organic-ginger-beer,https://organicsodapops.com/products/karma-organic-ginger-beer,No,No,N/A
https://organicsodapops.com/products/biona-organic-kombucha,https://organicsodapops.com/products/biona-organic-kombucha,No,No,N/A
https://organicsodapops.com/products/tea-biotics-organic-kombucha,https://organicsodapops.com/products/tea-biotics-organic-kombucha,No,No,N/A
https://organicsodapops.com/products/purely-hand-crafted-organic-drinks,https://organicsodapops.com/products/purely-hand-crafted-organic-drinks,No,No,N/A
https://organicsodapops.com/products/kimino-sparkling-organic-fruit-drinks,https://organicsodapops.com/products/kimino-sparkling-organic-fruit-drinks,No,No,N/A
https://organicsodapops.com/products/greenhouse-organic-ginger-beer,https://organicsodapops.com/products/greenhouse-organic-ginger-beer,No,No,N/A
https://organicsodapops.com/products/moonbrew-organic-jun,https://organicsodapops.com/products/moonbrew-organic-jun,No,No,N/A
https://organicsodapops.com/products/woodlands-organic-kombucha,https://organicsodapops.com/products/woodlands-organic-kombucha,No,No,N/A
https://organicsodapops.com/products/sidekick-soda,https://organicsodapops.com/products/sidekick-soda,No,No,N/A
https://organicsodapops.com/products/marin-kombucha,https://organicsodapops.com/products/marin-kombucha,No,No,N/A
https://organicsodapops.com/products/bimster-organic-kombucha,https://organicsodapops.com/products/bimster-organic-kombucha,No,No,N/A
https://organicsodapops.com/products/big-marble-organics,https://organicsodapops.com/products/big-marble-organics,No,No,N/A
https://organicsodapops.com/products/vitamont-fair-trade-organic-cola,https://organicsodapops.com/products/vitamont-fair-trade-organic-cola,No,No,N/A
https://organicsodapops.com/products/shams-premium-organic-cola,https://organicsodapops.com/products/shams-premium-organic-cola,No,No,N/A
https://organicsodapops.com/products/three-cents-100-natural-artisanal-beverages,https://organicsodapops.com/products/three-cents-100-natural-artisanal-beverages,No,No,N/A
https://organicsodapops.com/products/three-cents-all-natural-ginger-beer,https://organicsodapops.com/products/three-cents-all-natural-ginger-beer,No,No,N/A
https://organicsodapops.com/products/idc-pro-fountain-soda-dispenser,https://organicsodapops.com/products/idc-pro-fountain-soda-dispenser,No,No,N/A
https://organicsodapops.com/products/flavorfusion-16-mfv-valves-fountain-soda-dispenser,https://organicsodapops.com/products/flavorfusion-16-mfv-valves-fountain-soda-dispenser,No,No,N/A
https://organicsodapops.com/products/hana-organic-craft-sodas,https://organicsodapops.com/products/hana-organic-craft-sodas,No,No,N/A
https://organicsodapops.com/products/soda-raiz-organic-ginger-ale,https://organicsodapops.com/products/soda-raiz-organic-ginger-ale,No,No,N/A
https://organicsodapops.com/products/copra-organic-sparkling-coconut-nectar,https://organicsodapops.com/products/copra-organic-sparkling-coconut-nectar,No,No,N/A
https://organicsodapops.com/products/heal-thy-soda,https://organicsodapops.com/products/heal-thy-soda,No,No,N/A
https://organicsodapops.com/products/joes-organic-syrup,https://organicsodapops.com/products/joes-organic-syrup,No,No,N/A
https://organicsodapops.com/products/its-alive-kombucha,https://organicsodapops.com/products/its-alive-kombucha,No,No,N/A
https://organicsodapops.com/products/asarasi-organic-sparkling-tree-water,https://organicsodapops.com/products/asarasi-organic-sparkling-tree-water,No,No,N/A
https://organicsodapops.com/products/cortese-premium-organic-soft-drink,https://organicsodapops.com/products/cortese-premium-organic-soft-drink,No,No,N/A
https://organicsodapops.com/products/tractor-organic-ingredients,https://organicsodapops.com/products/tractor-organic-ingredients,No,No,N/A
https://organicsodapops.com/products/the-organic-drink-co-organic-ginger-beer,https://organicsodapops.com/products/the-organic-drink-co-organic-ginger-beer,No,No,N/A
https://organicsodapops.com/products/artonic-organic-soda-mixers,https://organicsodapops.com/products/artonic-organic-soda-mixers,No,No,N/A
https://organicsodapops.com/products/mona-organic-craft-soda-1,https://organicsodapops.com/products/mona-organic-craft-soda-1,No,No,N/A
https://organicsodapops.com/products/huney-jun-organic-kombucha,https://organicsodapops.com/products/huney-jun-organic-kombucha,No,No,N/A
https://organicsodapops.com/products/polara-bio-sicilia-organic-cola,https://organicsodapops.com/products/polara-bio-sicilia-organic-cola,No,No,N/A
https://organicsodapops.com/products/casamara-club-al-natural-soft-drinks,https://organicsodapops.com/products/casamara-club-al-natural-soft-drinks,No,No,N/A
https://organicsodapops.com/products/docs-organic-ginger-beer,https://organicsodapops.com/products/docs-organic-ginger-beer,No,No,N/A
https://organicsodapops.com/products/torst-organic-kola,https://organicsodapops.com/products/torst-organic-kola,No,No,N/A
https://organicsodapops.com/products/vivi-organic-sodas,https://organicsodapops.com/products/vivi-organic-sodas,No,No,N/A
https://organicsodapops.com/products/twinpour-with-extended-splash-plate,https://organicsodapops.com/products/twinpour-with-extended-splash-plate,No,No,N/A
https://organicsodapops.com/products/gili-organic-ginger-soda,https://organicsodapops.com/products/gili-organic-ginger-soda,No,No,N/A
https://organicsodapops.com/products/moshi-natural-sparkling-drinks,https://organicsodapops.com/products/moshi-natural-sparkling-drinks,No,No,N/A
https://organicsodapops.com/products/vivi-organic-kola,https://organicsodapops.com/products/vivi-organic-kola,No,No,N/A
https://organicsodapops.com/products/oun-organic-soft-drinks,https://organicsodapops.com/products/oun-organic-soft-drinks,No,No,N/A
https://organicsodapops.com/products/icd-2300-6vl-hp-beverage-dispenser,https://organicsodapops.com/products/icd-2300-6vl-hp-beverage-dispenser,No,No,N/A
https://organicsodapops.com/products/fresh-fizz-all-natural-soda,https://organicsodapops.com/products/fresh-fizz-all-natural-soda,No,No,N/A
https://organicsodapops.com/products/icd-2300-6vl-23-2323-sp-beverage-dispenser,https://organicsodapops.com/products/icd-2300-6vl-23-2323-sp-beverage-dispenser,No,No,N/A
https://organicsodapops.com/products/icd-2200-15-1523-standard-performance-beverage-dispenser,https://organicsodapops.com/products/icd-2200-15-1523-standard-performance-beverage-dispenser,No,No,N/A
https://organicsodapops.com/products/torst-organic-soda,https://organicsodapops.com/products/torst-organic-soda,No,No,N/A
https://organicsodapops.com/products/sole-rosso-organic-cola-1,https://organicsodapops.com/products/sole-rosso-organic-cola-1,No,No,N/A
https://organicsodapops.com/products/theonista-light-cola,https://organicsodapops.com/products/theonista-light-cola,No,No,N/A
https://organicsodapops.com/products/icd-2300-10vl-high-performance-soft-drink-dispenser,https://organicsodapops.com/products/icd-2300-10vl-high-performance-soft-drink-dispenser,No,No,N/A
https://organicsodapops.com/products/ibd-30-8vl-nugget,https://organicsodapops.com/products/ibd-30-8vl-nugget,No,No,N/A
https://organicsodapops.com/products/ibd-30-10vl-cube-self-serve-dispenser,https://organicsodapops.com/products/ibd-30-10vl-cube-self-serve-dispenser,No,No,N/A
https://organicsodapops.com/products/ibd-44-12levss-self-serve-drink-dispenser,https://organicsodapops.com/products/ibd-44-12levss-self-serve-drink-dispenser,No,No,N/A
https://organicsodapops.com/products/bioplose-organic-soft-drinks-frizzante,https://organicsodapops.com/products/bioplose-organic-soft-drinks-frizzante,No,No,N/A
https://organicsodapops.com/products/touchscreen-tower-6-brands-plus-4-bonus,https://organicsodapops.com/products/touchscreen-tower-6-brands-plus-4-bonus,No,No,N/A
https://organicsodapops.com/products/touchscreen-tower-6-brands,https://organicsodapops.com/products/touchscreen-tower-6-brands,No,No,N/A
https://organicsodapops.com/products/lancer-custom-designed-commercial-beverage-dispenser,https://organicsodapops.com/products/lancer-custom-designed-commercial-beverage-dispenser,No,No,N/A
https://organicsodapops.com/products/cascara-organic-cola,https://organicsodapops.com/products/cascara-organic-cola,No,No,N/A
https://organicsodapops.com/products/ccd-9000-cold-carbonated-soft-drink-dispenser,https://organicsodapops.com/products/ccd-9000-cold-carbonated-soft-drink-dispenser,No,No,N/A
https://organicsodapops.com/products/ced-500-electric-counter-dispenser,https://organicsodapops.com/products/ced-500-electric-counter-dispenser,No,No,N/A
https://organicsodapops.com/products/lancer-sensation-44-black-fountain-soda-machine,https://organicsodapops.com/products/lancer-sensation-44-black-fountain-soda-machine,No,No,N/A
https://organicsodapops.com/products/sensation-30-ice-soft-drink-dispenser,https://organicsodapops.com/products/sensation-30-ice-soft-drink-dispenser,No,No,N/A
https://organicsodapops.com/products/lancer-ced-8000-cold-carbonated-beverage-dispenser,https://organicsodapops.com/products/lancer-ced-8000-cold-carbonated-beverage-dispenser,No,No,N/A
https://organicsodapops.com/products/ibd-25-soft-drink-dispenser,https://organicsodapops.com/products/ibd-25-soft-drink-dispenser,No,No,N/A
https://organicsodapops.com/products/flavor-select-44-ice-cube-cubelet-beverage-dispenser,https://organicsodapops.com/products/flavor-select-44-ice-cube-cubelet-beverage-dispenser,No,No,N/A
https://organicsodapops.com/products/famous-soda-co-all-natural-cola,https://organicsodapops.com/products/famous-soda-co-all-natural-cola,No,No,N/A
https://organicsodapops.com/products/flavor-select-22-beverage-dispenser,https://organicsodapops.com/products/flavor-select-22-beverage-dispenser,No,No,N/A
https://organicsodapops.com/products/sole-rosso-organic-cola,https://organicsodapops.com/products/sole-rosso-organic-cola,No,No,N/A
https://organicsodapops.com/products/lancer-ced-1500-high-performance-soda-fountain-machine,https://organicsodapops.com/products/lancer-ced-1500-high-performance-soda-fountain-machine,No,No,N/A
https://organicsodapops.com/products/twinpour-with-lcd-screen,https://organicsodapops.com/products/twinpour-with-lcd-screen,No,No,N/A
https://organicsodapops.com/products/lancer-sensation-44-soda-fountain-machine,https://organicsodapops.com/products/lancer-sensation-44-soda-fountain-machine,No,No,N/A
https://organicsodapops.com/products/the-nordic-soda-co-1,https://organicsodapops.com/products/the-nordic-soda-co-1,No,No,N/A
https://organicsodapops.com/products/wewi-organic-cola,https://organicsodapops.com/products/wewi-organic-cola,No,No,N/A
https://organicsodapops.com/products/lancer-ced-400-cold-carbonated-beverage-dispenser,https://organicsodapops.com/products/lancer-ced-400-cold-carbonated-beverage-dispenser,No,No,N/A
https://organicsodapops.com/products/kinda-soda,https://organicsodapops.com/products/kinda-soda,No,No,N/A
https://organicsodapops.com/products/tomarchio-organic-cola,https://organicsodapops.com/products/tomarchio-organic-cola,No,No,N/A
https://organicsodapops.com/products/reeds-culture-club-kombucha,https://organicsodapops.com/products/reeds-culture-club-kombucha,No,No,N/A
https://organicsodapops.com/products/jerico-organic-soda,https://organicsodapops.com/products/jerico-organic-soda,No,No,N/A
https://organicsodapops.com/products/simple-soda-co,https://organicsodapops.com/products/simple-soda-co,No,No,N/A
https://organicsodapops.com/products/good-wolf-probiotic-tonic-water-kefir,https://organicsodapops.com/products/good-wolf-probiotic-tonic-water-kefir,No,No,N/A
https://organicsodapops.com/products/ps-organic-soda,https://organicsodapops.com/products/ps-organic-soda,No,No,N/A
https://organicsodapops.com/products/sole-rosso-organic-soft-drinks,https://organicsodapops.com/products/sole-rosso-organic-soft-drinks,No,No,N/A
https://organicsodapops.com/products/urban-kombucha,https://organicsodapops.com/products/urban-kombucha,No,No,N/A
https://organicsodapops.com/products/fs60-fountain-soda-machine,https://organicsodapops.com/products/fs60-fountain-soda-machine,No,No,N/A
https://organicsodapops.com/products/ibd-bold-30i-soda-fountain-machine,https://organicsodapops.com/products/ibd-bold-30i-soda-fountain-machine,No,No,N/A
https://organicsodapops.com/products/lo-bros-kombucha,https://organicsodapops.com/products/lo-bros-kombucha,No,No,N/A
https://organicsodapops.com/products/leamo-cola,https://organicsodapops.com/products/leamo-cola,No,No,N/A
https://organicsodapops.com/products/nordic-ccu0220-ice-machine,https://organicsodapops.com/products/nordic-ccu0220-ice-machine,No,No,N/A
https://organicsodapops.com/products/viper-elite-slushie-machine,https://organicsodapops.com/products/viper-elite-slushie-machine,No,No,N/A
https://organicsodapops.com/products/alkaline-water-vending-machine,https://organicsodapops.com/products/alkaline-water-vending-machine,No,No,N/A
https://organicsodapops.com/products/happy-hippie-drinks,https://organicsodapops.com/products/happy-hippie-drinks,No,No,N/A
https://organicsodapops.com/products/indi-company-organic-soft-drinks,https://organicsodapops.com/products/indi-company-organic-soft-drinks,No,No,N/A
https://organicsodapops.com/products/top-note,https://organicsodapops.com/products/top-note,No,No,N/A
https://organicsodapops.com/products/remedy-drinks,https://organicsodapops.com/products/remedy-drinks,No,No,N/A
https://organicsodapops.com/products/dickie-s-ginger-beer,https://organicsodapops.com/products/dickie-s-ginger-beer,No,No,N/A
https://organicsodapops.com/products/the-organic-drink-co-traditional-cola,https://organicsodapops.com/products/the-organic-drink-co-traditional-cola,No,No,N/A
https://organicsodapops.com/products/the-beekeepers-daughter-craft-honey-soda,https://organicsodapops.com/products/the-beekeepers-daughter-craft-honey-soda,No,No,N/A
https://organicsodapops.com/products/betty-buzz-all-natural-sparkling-drinks,https://organicsodapops.com/products/betty-buzz-all-natural-sparkling-drinks,No,No,N/A
https://organicsodapops.com/products/crafted-organic-sparking-drinking-vinegars,https://organicsodapops.com/products/crafted-organic-sparking-drinking-vinegars,No,No,N/A
https://organicsodapops.com/products/why-not-organic-soda,https://organicsodapops.com/products/why-not-organic-soda,No,No,N/A
https://organicsodapops.com/products/velvet-soda,https://organicsodapops.com/products/velvet-soda,No,No,N/A
https://organicsodapops.com/products/tractor-organic-fountain-soda,https://organicsodapops.com/products/tractor-organic-fountain-soda,No,No,N/A
https://organicsodapops.com/products/the-organic-drink-co,https://organicsodapops.com/products/the-organic-drink-co,No,No,N/A
https://organicsodapops.com/products/moss-beach-kombucha-1,https://organicsodapops.com/products/moss-beach-kombucha-1,No,No,N/A
https://organicsodapops.com/products/calyx-drinks,https://organicsodapops.com/products/calyx-drinks,No,No,N/A
https://organicsodapops.com/products/somersault-slow-brewed-organic-sodas,https://organicsodapops.com/products/somersault-slow-brewed-organic-sodas,No,No,N/A
https://organicsodapops.com/products/aqua-monaco-organic-soda-pops,https://organicsodapops.com/products/aqua-monaco-organic-soda-pops,No,No,N/A
https://organicsodapops.com/products/twinpour-ice-beverage-fountain-soda-machine,https://organicsodapops.com/products/twinpour-ice-beverage-fountain-soda-machine,No,No,N/A
https://organicsodapops.com/products/flavor-select-30-soda-fountain-machine,https://organicsodapops.com/products/flavor-select-30-soda-fountain-machine,No,No,N/A
https://organicsodapops.com/products/touchscreen-tower-drink-dispenser,https://organicsodapops.com/products/touchscreen-tower-drink-dispenser,No,No,N/A
https://organicsodapops.com/products/copy-of-bec-cola-1,https://organicsodapops.com/products/copy-of-bec-cola-1,No,No,N/A
https://organicsodapops.com/products/copy-of-bec-cola,https://organicsodapops.com/products/copy-of-bec-cola,No,No,N/A
https://organicsodapops.com/products/osp-pro-fountain-soda-machine,https://organicsodapops.com/products/osp-pro-fountain-soda-machine,No,No,N/A
https://organicsodapops.com/products/osp-215-pro-fountain-soda-machine,https://organicsodapops.com/products/osp-215-pro-fountain-soda-machine,No,No,N/A
https://organicsodapops.com/products/osp-flavor-overload-fountain-soda-machine-with-16-mfv-valves,https://organicsodapops.com/products/osp-flavor-overload-fountain-soda-machine-with-16-mfv-valves,No,No,N/A
https://organicsodapops.com/products/the-peoples-crafthouse,https://organicsodapops.com/products/the-peoples-crafthouse,No,No,N/A
https://organicsodapops.com/products/naturbrus-all-natural-craft-soda-1,https://organicsodapops.com/products/naturbrus-all-natural-craft-soda-1,No,No,N/A
https://organicsodapops.com/products/rocky-mountain-al-natural-soda,https://organicsodapops.com/products/rocky-mountain-al-natural-soda,No,No,N/A
https://organicsodapops.com/products/galvanina-tea,https://organicsodapops.com/products/galvanina-tea,No,No,N/A
https://organicsodapops.com/products/east-coast-craft-soda-co,https://organicsodapops.com/products/east-coast-craft-soda-co,No,No,N/A
https://organicsodapops.com/products/simple-organic-cola,https://organicsodapops.com/products/simple-organic-cola,No,No,N/A
https://organicsodapops.com/products/simple-organic-sodas,https://organicsodapops.com/products/simple-organic-sodas,No,No,N/A
https://organicsodapops.com/products/doctor-ds-sparkling-probiotic,https://organicsodapops.com/products/doctor-ds-sparkling-probiotic,No,No,N/A
https://organicsodapops.com/products/som-soda,https://organicsodapops.com/products/som-soda,No,No,N/A
https://organicsodapops.com/products/capi-all-natural-cola,https://organicsodapops.com/products/capi-all-natural-cola,No,No,N/A
https://organicsodapops.com/products/more-good,https://organicsodapops.com/products/more-good,No,No,N/A
https://organicsodapops.com/products/pearl-soda-company,https://organicsodapops.com/products/pearl-soda-company,No,No,N/A
https://organicsodapops.com/products/soda-press-co-organic-soda-syrup,https://organicsodapops.com/products/soda-press-co-organic-soda-syrup,No,No,N/A
https://organicsodapops.com/products/portland-soda-works,https://organicsodapops.com/products/portland-soda-works,No,No,N/A
https://organicsodapops.com/products/organic-soda-syrup,https://organicsodapops.com/products/organic-soda-syrup,No,No,N/A
https://organicsodapops.com/products/the-shrub-soda-company-all-natural-soda,https://organicsodapops.com/products/the-shrub-soda-company-all-natural-soda,No,No,N/A
https://organicsodapops.com/products/nexba-sugar-free-natural-cola,https://organicsodapops.com/products/nexba-sugar-free-natural-cola,No,No,N/A
https://organicsodapops.com/products/westwood-organics-probiotic-organic-soda,https://organicsodapops.com/products/westwood-organics-probiotic-organic-soda,No,No,N/A
https://organicsodapops.com/products/gusto-organic-energy-drink-natural-cola,https://organicsodapops.com/products/gusto-organic-energy-drink-natural-cola,No,No,N/A
https://organicsodapops.com/products/gusto-award-winning-real-organic-cola-natural-cola,https://organicsodapops.com/products/gusto-award-winning-real-organic-cola-natural-cola,No,No,N/A
https://organicsodapops.com/products/gusto-all-natural-cola-naturally-slim-fair-trade,https://organicsodapops.com/products/gusto-all-natural-cola-naturally-slim-fair-trade,No,No,N/A
https://organicsodapops.com/products/butcher-town-natural-cream-soda-natural-cream-soda,https://organicsodapops.com/products/butcher-town-natural-cream-soda-natural-cream-soda,No,No,N/A
https://organicsodapops.com/products/natural-brew-vanilla-cream-soda-natural-cream-soda,https://organicsodapops.com/products/natural-brew-vanilla-cream-soda-natural-cream-soda,No,No,N/A
https://organicsodapops.com/products/maine-root-fair-trade-craft-fountain-soda,https://organicsodapops.com/products/maine-root-fair-trade-craft-fountain-soda,No,No,N/A
https://organicsodapops.com/products/oogave-100-organic-fountain-soda,https://organicsodapops.com/products/oogave-100-organic-fountain-soda,No,No,N/A
https://organicsodapops.com/products/rocky-mountain-soda-natural-organic-fountain-soda,https://organicsodapops.com/products/rocky-mountain-soda-natural-organic-fountain-soda,No,No,N/A
https://organicsodapops.com/products/sparkling-bitters-sparkling-water,https://organicsodapops.com/products/sparkling-bitters-sparkling-water,No,No,N/A
https://organicsodapops.com/products/found-beverage-co-sparkling-water,https://organicsodapops.com/products/found-beverage-co-sparkling-water,No,No,N/A
https://organicsodapops.com/products/spruce-soda-company-sparkling-water,https://organicsodapops.com/products/spruce-soda-company-sparkling-water,No,No,N/A
https://organicsodapops.com/products/ziwi-organic,https://organicsodapops.com/products/ziwi-organic,No,No,N/A
https://organicsodapops.com/products/wewi-organic-soda,https://organicsodapops.com/products/wewi-organic-soda,No,No,N/A
https://organicsodapops.com/products/sea-pop-natural-soda,https://organicsodapops.com/products/sea-pop-natural-soda,No,No,N/A
https://organicsodapops.com/products/piraqua-drinks-natural-craft-soda,https://organicsodapops.com/products/piraqua-drinks-natural-craft-soda,No,No,N/A
https://organicsodapops.com/products/seabold-organic-ginger-beer,https://organicsodapops.com/products/seabold-organic-ginger-beer,No,No,N/A
https://organicsodapops.com/products/harmony-springs-natural-soda,https://organicsodapops.com/products/harmony-springs-natural-soda,No,No,N/A
https://organicsodapops.com/products/fatdane-organic-soda,https://organicsodapops.com/products/fatdane-organic-soda,No,No,N/A
https://organicsodapops.com/products/kombucha-dog-organic-raw-probiotic,https://organicsodapops.com/products/kombucha-dog-organic-raw-probiotic,No,No,N/A
https://organicsodapops.com/products/love-kombucha-drink-healthy-feel-healthy,https://organicsodapops.com/products/love-kombucha-drink-healthy-feel-healthy,No,No,N/A
https://organicsodapops.com/products/sprecher-cherry-cola-natural-cola,https://organicsodapops.com/products/sprecher-cherry-cola-natural-cola,No,No,N/A
https://organicsodapops.com/products/puma-kola-natural-cola,https://organicsodapops.com/products/puma-kola-natural-cola,No,No,N/A
https://organicsodapops.com/products/craft-soda-100-organic-soda,https://organicsodapops.com/products/craft-soda-100-organic-soda,No,No,N/A
https://organicsodapops.com/products/petes-natural-soft-drinks,https://organicsodapops.com/products/petes-natural-soft-drinks,No,No,N/A
https://organicsodapops.com/products/carbonista-all-natural-sparkling-drink,https://organicsodapops.com/products/carbonista-all-natural-sparkling-drink,No,No,N/A
https://organicsodapops.com/products/tree-fort-all-natural-soda,https://organicsodapops.com/products/tree-fort-all-natural-soda,No,No,N/A
https://organicsodapops.com/products/naturfrisk-organic-soft-drinks,https://organicsodapops.com/products/naturfrisk-organic-soft-drinks,No,No,N/A
https://organicsodapops.com/products/q-kola,https://organicsodapops.com/products/q-kola,No,No,N/A
https://organicsodapops.com/products/temple-twist-organic-shirley-temple,https://organicsodapops.com/products/temple-twist-organic-shirley-temple,No,No,N/A
https://organicsodapops.com/products/aroha-sparkling-natural-soft-drinks,https://organicsodapops.com/products/aroha-sparkling-natural-soft-drinks,No,No,N/A
https://organicsodapops.com/products/china-cola-natural-cola,https://organicsodapops.com/products/china-cola-natural-cola,No,No,N/A
https://organicsodapops.com/products/citizen-pop,https://organicsodapops.com/products/citizen-pop,No,No,N/A
https://organicsodapops.com/products/bette-janes-natural-ginger-beer,https://organicsodapops.com/products/bette-janes-natural-ginger-beer,No,No,N/A
https://organicsodapops.com/products/wort-organic-soft-drinks,https://organicsodapops.com/products/wort-organic-soft-drinks,No,No,N/A
https://organicsodapops.com/products/square-root-organic-cola,https://organicsodapops.com/products/square-root-organic-cola,No,No,N/A
https://organicsodapops.com/products/val-de-france-sparkling-organic-beverage,https://organicsodapops.com/products/val-de-france-sparkling-organic-beverage,No,No,N/A
https://organicsodapops.com/products/lorina-premium-french-natural-soda,https://organicsodapops.com/products/lorina-premium-french-natural-soda,No,No,N/A
https://organicsodapops.com/products/found-natural-sparkling-beverage,https://organicsodapops.com/products/found-natural-sparkling-beverage,No,No,N/A
https://organicsodapops.com/products/apple-beer,https://organicsodapops.com/products/apple-beer,No,No,N/A
https://organicsodapops.com/products/kitsch-all-natural-craft-soda,https://organicsodapops.com/products/kitsch-all-natural-craft-soda,No,No,N/A
https://organicsodapops.com/products/drinkwell-softers,https://organicsodapops.com/products/drinkwell-softers,No,No,N/A
https://organicsodapops.com/products/cadia-organic-soda,https://organicsodapops.com/products/cadia-organic-soda,No,No,N/A
https://organicsodapops.com/products/membership,https://organicsodapops.com/products/membership,No,No,N/A
https://organicsodapops.com/products/biozisch-sparkling-soft-drinks,https://organicsodapops.com/products/biozisch-sparkling-soft-drinks,No,No,N/A
https://organicsodapops.com/products/miss-lady-small-batch-root-beer,https://organicsodapops.com/products/miss-lady-small-batch-root-beer,No,No,N/A
https://organicsodapops.com/products/luscombe-drinks,https://organicsodapops.com/products/luscombe-drinks,No,No,N/A
https://organicsodapops.com/products/buho-organic-soda,https://organicsodapops.com/products/buho-organic-soda,No,No,N/A
https://organicsodapops.com/products/sansu-premium-sparkling-yuzu-fruit-drinks,https://organicsodapops.com/products/sansu-premium-sparkling-yuzu-fruit-drinks,No,No,N/A
https://organicsodapops.com/products/rochester-artisan-made-soft-drinks,https://organicsodapops.com/products/rochester-artisan-made-soft-drinks,No,No,N/A
https://organicsodapops.com/products/appletiser-sparkling-beverage,https://organicsodapops.com/products/appletiser-sparkling-beverage,No,No,N/A
https://organicsodapops.com/products/the-dalston-cola-company,https://organicsodapops.com/products/the-dalston-cola-company,No,No,N/A
https://organicsodapops.com/products/square-roots-soda-works,https://organicsodapops.com/products/square-roots-soda-works,No,No,N/A
https://organicsodapops.com/products/hartridges-natural-ginger-beer,https://organicsodapops.com/products/hartridges-natural-ginger-beer,No,No,N/A
https://organicsodapops.com/products/royal-penguin-natural-soft-drink,https://organicsodapops.com/products/royal-penguin-natural-soft-drink,No,No,N/A
https://organicsodapops.com/products/chinotto-the-connoisseurs-drink,https://organicsodapops.com/products/chinotto-the-connoisseurs-drink,No,No,N/A
https://organicsodapops.com/products/bundaburg-brewed-drinks,https://organicsodapops.com/products/bundaburg-brewed-drinks,No,No,N/A
https://organicsodapops.com/products/naturfrisk-organic-cola,https://organicsodapops.com/products/naturfrisk-organic-cola,No,No,N/A
https://organicsodapops.com/products/synerchi-kombucha,https://organicsodapops.com/products/synerchi-kombucha,No,No,N/A
https://organicsodapops.com/products/bruce-cost-ginger-ale-unfiltered,https://organicsodapops.com/products/bruce-cost-ginger-ale-unfiltered,No,No,N/A
https://organicsodapops.com/products/fever-tree-premium-sparkling-beverages,https://organicsodapops.com/products/fever-tree-premium-sparkling-beverages,No,No,N/A
https://organicsodapops.com/products/thor-natural-sparkling-beverages,https://organicsodapops.com/products/thor-natural-sparkling-beverages,No,No,N/A
https://organicsodapops.com/products/fentimans-ginger-beer,https://organicsodapops.com/products/fentimans-ginger-beer,No,No,N/A
https://organicsodapops.com/products/fentimans-botanically-brewed-beverages,https://organicsodapops.com/products/fentimans-botanically-brewed-beverages,No,No,N/A
https://organicsodapops.com/products/ascania-100-natural-soft-drinks,https://organicsodapops.com/products/ascania-100-natural-soft-drinks,No,No,N/A
https://organicsodapops.com/products/the-kefiry-probiotic-soda,https://organicsodapops.com/products/the-kefiry-probiotic-soda,No,No,N/A
https://organicsodapops.com/products/john-crabbie-co-the-ginger-master,https://organicsodapops.com/products/john-crabbie-co-the-ginger-master,No,No,N/A
https://organicsodapops.com/products/cannonborough-sodas,https://organicsodapops.com/products/cannonborough-sodas,No,No,N/A
https://organicsodapops.com/products/bottlegreen-all-natural-soft-drinks-organic-soda-pops,https://organicsodapops.com/products/bottlegreen-all-natural-soft-drinks-organic-soda-pops,No,No,N/A
https://organicsodapops.com/products/healthy-thirst-drinks,https://organicsodapops.com/products/healthy-thirst-drinks,No,No,N/A
https://organicsodapops.com/products/zeo-all-natural-soft-drink,https://organicsodapops.com/products/zeo-all-natural-soft-drink,No,No,N/A
https://organicsodapops.com/products/fayrouz-all-natural-soft-drink,https://organicsodapops.com/products/fayrouz-all-natural-soft-drink,No,No,N/A
https://organicsodapops.com/products/pollocks-keifer-pop,https://organicsodapops.com/products/pollocks-keifer-pop,No,No,N/A
https://organicsodapops.com/products/yoga-soda-the-conscious-soda,https://organicsodapops.com/products/yoga-soda-the-conscious-soda,No,No,N/A
https://organicsodapops.com/products/pure-sodaworks-cafe-cola,https://organicsodapops.com/products/pure-sodaworks-cafe-cola,No,No,N/A
https://organicsodapops.com/products/a,https://organicsodapops.com/products/a,No,No,N/A
https://organicsodapops.com/products/belvoir-ginger-beer,https://organicsodapops.com/products/belvoir-ginger-beer,No,No,N/A
https://organicsodapops.com/products/wisco-pop-natural-root-beer,https://organicsodapops.com/products/wisco-pop-natural-root-beer,No,No,N/A
https://organicsodapops.com/products/pona-organic-sparkling-beverages,https://organicsodapops.com/products/pona-organic-sparkling-beverages,No,No,N/A
https://organicsodapops.com/products/pangea-organic-soft-drink,https://organicsodapops.com/products/pangea-organic-soft-drink,No,No,N/A
https://organicsodapops.com/products/pure-soda-works,https://organicsodapops.com/products/pure-soda-works,No,No,N/A
https://organicsodapops.com/products/yaute-cola-bio-cola,https://organicsodapops.com/products/yaute-cola-bio-cola,No,No,N/A
https://organicsodapops.com/products/gus-grown-up-soda,https://organicsodapops.com/products/gus-grown-up-soda,No,No,N/A
https://organicsodapops.com/products/oogave-cola-mexicana,https://organicsodapops.com/products/oogave-cola-mexicana,No,No,N/A
https://organicsodapops.com/products/wyndridge-farm-natural-cream-soda,https://organicsodapops.com/products/wyndridge-farm-natural-cream-soda,No,No,N/A
https://organicsodapops.com/products/ithaca-soda-co-natural-ginger-beer,https://organicsodapops.com/products/ithaca-soda-co-natural-ginger-beer,No,No,N/A
https://organicsodapops.com/products/ithaca-soda-company-all-natural-root-beer,https://organicsodapops.com/products/ithaca-soda-company-all-natural-root-beer,No,No,N/A
https://organicsodapops.com/products/macs-ginger-beer,https://organicsodapops.com/products/macs-ginger-beer,No,No,N/A
https://organicsodapops.com/products/galvanina-organic-century-bio-cola,https://organicsodapops.com/products/galvanina-organic-century-bio-cola,No,No,N/A
https://organicsodapops.com/products/galvanina-organic-soda,https://organicsodapops.com/products/galvanina-organic-soda,No,No,N/A
https://organicsodapops.com/products/holypop-organic-soda,https://organicsodapops.com/products/holypop-organic-soda,No,No,N/A
https://organicsodapops.com/products/cola-baladin-natural-cola,https://organicsodapops.com/products/cola-baladin-natural-cola,No,No,N/A
https://organicsodapops.com/products/phoenix-ginger-beer,https://organicsodapops.com/products/phoenix-ginger-beer,No,No,N/A
https://organicsodapops.com/products/hopwater-natural-craft-soda,https://organicsodapops.com/products/hopwater-natural-craft-soda,No,No,N/A
https://organicsodapops.com/products/oogave-organic-root-beer,https://organicsodapops.com/products/oogave-organic-root-beer,No,No,N/A
https://organicsodapops.com/products/obi-organic-root-beer,https://organicsodapops.com/products/obi-organic-root-beer,No,No,N/A
https://organicsodapops.com/products/bec-organic-soft-drinks,https://organicsodapops.com/products/bec-organic-soft-drinks,No,No,N/A
https://organicsodapops.com/products/strangelove-smoked-cola,https://organicsodapops.com/products/strangelove-smoked-cola,No,No,N/A
https://organicsodapops.com/products/culture-cola-live-organic-raw-soda-kombucha,https://organicsodapops.com/products/culture-cola-live-organic-raw-soda-kombucha,No,No,N/A
https://organicsodapops.com/products/now-black-cola,https://organicsodapops.com/products/now-black-cola,No,No,N/A
https://organicsodapops.com/products/fentimans-curiosity-cola,https://organicsodapops.com/products/fentimans-curiosity-cola,No,No,N/A
https://organicsodapops.com/products/levico-organic,https://organicsodapops.com/products/levico-organic,No,No,N/A
https://organicsodapops.com/products/onli-elevating-taste,https://organicsodapops.com/products/onli-elevating-taste,No,No,N/A
https://organicsodapops.com/products/ashridge-organic,https://organicsodapops.com/products/ashridge-organic,No,No,N/A
https://organicsodapops.com/products/all-good,https://organicsodapops.com/products/all-good,No,No,N/A
https://organicsodapops.com/products/koji,https://organicsodapops.com/products/koji,No,No,N/A
https://organicsodapops.com/products/capi-fruit-sodas,https://organicsodapops.com/products/capi-fruit-sodas,No,No,N/A
https://organicsodapops.com/products/lovely-handmade-drinks,https://organicsodapops.com/products/lovely-handmade-drinks,No,No,N/A
https://organicsodapops.com/products/roots-soda-co,https://organicsodapops.com/products/roots-soda-co,No,No,N/A
https://organicsodapops.com/products/the-tapping-tapir,https://organicsodapops.com/products/the-tapping-tapir,No,No,N/A
https://organicsodapops.com/products/ginger-beer,https://organicsodapops.com/products/ginger-beer,No,No,N/A
https://organicsodapops.com/products/hopped-cola,https://organicsodapops.com/products/hopped-cola,No,No,N/A
https://organicsodapops.com/products/emma-toms-look-after-yourself-5,https://organicsodapops.com/products/emma-toms-look-after-yourself-5,No,No,N/A
https://organicsodapops.com/products/emma-toms-look-after-yourself-4,https://organicsodapops.com/products/emma-toms-look-after-yourself-4,No,No,N/A
https://organicsodapops.com/products/emma-toms-look-after-yourself-3,https://organicsodapops.com/products/emma-toms-look-after-yourself-3,No,No,N/A
https://organicsodapops.com/products/emma-toms-look-after-yourself-2,https://organicsodapops.com/products/emma-toms-look-after-yourself-2,No,No,N/A
https://organicsodapops.com/products/emma-toms-look-after-yourself-1,https://organicsodapops.com/products/emma-toms-look-after-yourself-1,No,No,N/A
https://organicsodapops.com/products/emma-toms-look-after-yourself,https://organicsodapops.com/products/emma-toms-look-after-yourself,No,No,N/A
https://organicsodapops.com/products/karma-cola,https://organicsodapops.com/products/karma-cola,No,No,N/A
https://organicsodapops.com/products/virgil-s-cream-soda,https://organicsodapops.com/products/virgil-s-cream-soda,No,No,N/A
https://organicsodapops.com/products/hooker-mountain-farm-maple-orange-cream-soda,https://organicsodapops.com/products/hooker-mountain-farm-maple-orange-cream-soda,No,No,N/A
https://organicsodapops.com/products/grey-ghost-orange-cream-soda,https://organicsodapops.com/products/grey-ghost-orange-cream-soda,No,No,N/A
https://organicsodapops.com/products/rachels-ginger-beer,https://organicsodapops.com/products/rachels-ginger-beer,No,No,N/A
https://organicsodapops.com/products/the-ginger-people-ginger-beer,https://organicsodapops.com/products/the-ginger-people-ginger-beer,No,No,N/A
https://organicsodapops.com/products/parkers-organic-ginger-beer,https://organicsodapops.com/products/parkers-organic-ginger-beer,No,No,N/A
https://organicsodapops.com/products/fever-tree-premium-ginger-beer,https://organicsodapops.com/products/fever-tree-premium-ginger-beer,No,No,N/A
https://organicsodapops.com/products/dry-sparkling-soda,https://organicsodapops.com/products/dry-sparkling-soda,No,No,N/A
https://organicsodapops.com/products/six-barrel-soda-co,https://organicsodapops.com/products/six-barrel-soda-co,No,No,N/A
https://organicsodapops.com/products/bibbs-all-natural-soda,https://organicsodapops.com/products/bibbs-all-natural-soda,No,No,N/A
https://organicsodapops.com/products/parkers-organic-cola,https://organicsodapops.com/products/parkers-organic-cola,No,No,N/A
https://organicsodapops.com/products/wild-one-sparkling-organic-cola,https://organicsodapops.com/products/wild-one-sparkling-organic-cola,No,No,N/A
https://organicsodapops.com/products/wild-one-premium-sparkling-organics,https://organicsodapops.com/products/wild-one-premium-sparkling-organics,No,No,N/A
https://organicsodapops.com/products/daylesford-and-hepburn-organic-drinks,https://organicsodapops.com/products/daylesford-and-hepburn-organic-drinks,No,No,N/A
https://organicsodapops.com/products/sip-natural-craft-soda,https://organicsodapops.com/products/sip-natural-craft-soda,No,No,N/A
https://organicsodapops.com/products/bootleggers-handcrafted-sodas,https://organicsodapops.com/products/bootleggers-handcrafted-sodas,No,No,N/A
https://organicsodapops.com/products/just-craft-soda,https://organicsodapops.com/products/just-craft-soda,No,No,N/A
https://organicsodapops.com/products/spruce-soda-company,https://organicsodapops.com/products/spruce-soda-company,No,No,N/A
https://organicsodapops.com/products/tree-fort-root-beer,https://organicsodapops.com/products/tree-fort-root-beer,No,No,N/A
https://organicsodapops.com/products/revive-root-beer,https://organicsodapops.com/products/revive-root-beer,No,No,N/A
https://organicsodapops.com/products/dominion-root-beer,https://organicsodapops.com/products/dominion-root-beer,No,No,N/A
https://organicsodapops.com/products/firemans-brew-root-beer,https://organicsodapops.com/products/firemans-brew-root-beer,No,No,N/A
https://organicsodapops.com/products/uncle-scotts-all-natural-root-beer-1,https://organicsodapops.com/products/uncle-scotts-all-natural-root-beer-1,No,No,N/A
https://organicsodapops.com/products/maine-root-root-beer,https://organicsodapops.com/products/maine-root-root-beer,No,No,N/A
https://organicsodapops.com/products/matts-natural-root-beer,https://organicsodapops.com/products/matts-natural-root-beer,No,No,N/A
https://organicsodapops.com/products/rocky-mountain-root-beer,https://organicsodapops.com/products/rocky-mountain-root-beer,No,No,N/A
https://organicsodapops.com/products/appalachian-craft-brewed-root-beer,https://organicsodapops.com/products/appalachian-craft-brewed-root-beer,No,No,N/A
https://organicsodapops.com/products/sprecher-old-fashioned-root-beer,https://organicsodapops.com/products/sprecher-old-fashioned-root-beer,No,No,N/A
https://organicsodapops.com/products/tommyknocker-all-natural-craft-root-beer,https://organicsodapops.com/products/tommyknocker-all-natural-craft-root-beer,No,No,N/A
https://organicsodapops.com/products/wisco-pop-organic-soda,https://organicsodapops.com/products/wisco-pop-organic-soda,No,No,N/A
https://organicsodapops.com/products/maine-root-handcrafted-beverages,https://organicsodapops.com/products/maine-root-handcrafted-beverages,No,No,N/A
https://organicsodapops.com/products/sipp-eco-beverage-company,https://organicsodapops.com/products/sipp-eco-beverage-company,No,No,N/A
https://organicsodapops.com/products/obi-probiotic-organic-soda,https://organicsodapops.com/products/obi-probiotic-organic-soda,No,No,N/A
https://organicsodapops.com/products/phoenix-organic-soda-pop,https://organicsodapops.com/products/phoenix-organic-soda-pop,No,No,N/A
https://organicsodapops.com/products/live-kombucha-organic-soda,https://organicsodapops.com/products/live-kombucha-organic-soda,No,No,N/A
https://organicsodapops.com/products/oogave-organic-agave-soda,https://organicsodapops.com/products/oogave-organic-agave-soda,No,No,N/A
https://organicsodapops.com/products/bionade-100-certified-organic-health-drink,https://organicsodapops.com/products/bionade-100-certified-organic-health-drink,No,No,N/A
https://organicsodapops.com/products/sky-valley-organic-soda,https://organicsodapops.com/products/sky-valley-organic-soda,No,No,N/A
https://organicsodapops.com/products/phoenix-organic-cola,https://organicsodapops.com/products/phoenix-organic-cola,No,No,N/A
https://organicsodapops.com/products/natures-pure,https://organicsodapops.com/products/natures-pure,No,No,N/A
https://organicsodapops.com/products/daylesford-and-hepburn-mineral-springs,https://organicsodapops.com/products/daylesford-and-hepburn-mineral-springs,No,No,N/A
https://organicsodapops.com/products/silk-road-soda-organic-soda,https://organicsodapops.com/products/silk-road-soda-organic-soda,No,No,N/A
https://organicsodapops.com/products/green-bee-soda,https://organicsodapops.com/products/green-bee-soda,No,No,N/A
